Código;Nombre;Descripción;Se Carga;Se Abona;Saldo
1;ACTIVO;Representa todos los bienes o recursos propios, controlados por la sociedad como resultado de sucesos pasados y de los que la compañía espera obtener en el futuro, beneficios económicos. Los activos se clasifican en dos grupos: activo corriente y activo no corriente.;;;Deudor
11;ACTIVO CORRIENTE;Aquí se agrupan los valores que pertenecen a la empresa, disponibles o realizables en un periodo no mayor de doce meses, iniciado desde la fecha de cierre del Balance, producto de operaciones del giro normal de la empresa. El activo corriente comprenderá: el efectivo, el equivalente de efectivo, cuentas y documentos por cobrar, inventarios, mercadería en tránsito, inversiones temporales, pagos anticipados, Crédito fiscal y pago a cuenta de impuestos.;;;Deudor
1101;EFECTIVO Y EQUIVALENTES;En esta cuenta se registran los valores negociables altamente líquidos. Los que están en efectivo en Caja General, Caja Chica y Bancos, cuya utilización no esté restringida. Equivalentes de efectivo son inversiones a corto plazo, cuya recuperación es segura y pronta, que se puedan convertir en efectivo en un periodo de tiempo no mayor a tres meses.;Con el valor de los ingresos de efectivo o equivalentes de efectivo.;Con el valor de las salidas de efectivo o equivalentes de efectivo.;Deudor
1102;CUENTAS Y DOCUMENTOS POR COBRAR;Son activos financieros que incorporan derechos adquiridos a favor de la empresa pendiente de cobro en un periodo no mayor a doce meses, comprende saldos pendientes de pago de los clientes por ventas al crédito, cuentas por cobrar a empleados y otras operaciones de crédito que se pretenden cobrar en el corto plazo.;Con el valor de las ventas al Crédito, préstamos, derechos a cobrar por operaciones del giro normal de la empresa.;Con los pagos efectuados por los clientes y los pagos efectuados por los deudores registrados en esta cuenta.;Deudor
1103;ESTIMACION PARA CUENTAS INCOBRABLES (CR.);Representa la estimación que se establezca para compensar las ventas al Crédito de dudosa recuperación, tomando como base el comportamiento de la morosidad de los clientes.;Con los valores para disminuir los saldos producto de recuperaciones, ajuste a la estimación para reflejar un saldo adecuado, suficiente para respaldar los valores con riesgo de cobro según el análisis efectuado y el saldo del cliente.;Con el valor de la estimación efectuada en base al análisis de morosidad de los saldos de los clientes por ventas al Crédito.;Acreedor
1104;PARTES RELACIONADAS POR COBRAR A CORTO PLAZO;Representa los derechos de cobro a corto plazo obtenido por la sociedad ante la Casa Matriz, Sucursales, accionistas, subsidiarias, negocios conjuntos y personal clave de la empresa por operaciones derivadas de negociaciones de tipo comercial y/o administrativo tanto del giro normal como ajenas a este.;Con los valores que la empresa otorgue a partes relacionadas, obtenidos directa o indirectamente y/o a través de intermediados a cuenta de operaciones derivadas de operaciones del giro normal o ajeno a este.;Con los pagos parciales o totales recibidos de las partes relacionadas.;Deudor
1105;ARRENDAMIENTO FINANCIERO POR COBRAR A CORTO PLAZO;Representa los arrendamientos financieros que la empresa vende mediante contrato en el cual transfiere al cliente sustancialmente todos los riesgos y ventajas inherentes a la propiedad del bien dado en arrendamiento. La propiedad del mismo puede o no puede ser eventualmente transferida al final del pago de la última cuota establecida. Al final del plazo estipulado el arrendatario o cliente tendrá la opción de comprar el bien a un precio predefinido, devolverlo o prorrogar el plazo del contrato por períodos ulteriores (extensos). El cobro del valor cargado de espera que sea recuperado en un período no mayor a doce meses.;Con el valor del contrato pendiente de cobro por arrendamiento financiero.;Con los abonos y la cancelación del saldo del arrendamiento financiero.;Deudor
1106;ESTIMACIÓN DE CUENTAS INCOBRABLES POR ARRENADAMIENTO FINANCIERO POR COBRAR A CORTO PLAZO (CR);Establece el valor de la estimación de las cuentas incobrables por arrendamiento financiero, en base al método que proporciona la seguridad razonable que defina los valores probables que no se cobrarán en el corto plazo, definido por un cobro no mayor a doce meses.;Con el uso que se haga de la estimación de cuentas incobrables por los valores recuperados.;Con la estimación de las cuentas incobrables.;Acreedor
1107;INVENTARIOS;En esta cuenta se registran las existencias destinadas para la venta en el curso ordinario de la empresa. Que están en proceso de producción. Para ser consumidos en la producción de bienes o servicios y en proceso de producción, refleja el saldo al inicio del período y el disponible para la venta, producción o proceso de producción, refleja el valor de compra más fletes y todos los otros gastos erogados para ingresar a la bodega de la empresa los inventarios que están en proceso de producción.;Con los inventarios ingresados a bodega o que están en proceso de producción en la fecha de presentación de los Estados Financieros.;Salidas de existencias para la venta o producción, faltantes, o para liquidarla al final del Ejercicio.;Deudor
1108;PEDIDOS EN TRÁNSITO;Representa el valor de las mercaderías o productos de las importaciones en tránsito, que no han sido ingresadas a la bodega de la empresa y que aún no se ha establecido el costo de adquisición.;Con las erogaciones efectuadas para la importación de la mercadería que aun no se han registrado en la cuenta de inventarios.;Con el traslado a la cuenta de inventarios, al efectuar el retaceo.;Deudor
1109;RESERVA PARA OBSOLESCENCIA DE INVENTARIOS (CR);Refleja las estimaciones financieras, que la empresa realiza según las políticas establecidas para salvaguardar la obsolescencia de inventarios de materiales, accesorios para la prestación del servicio de salud y los bienes de salud para la venta.;Con el importe de la estimación para cubrir la obsolescencia o deterioro de los inventarios.;Con el uso que se haga de la estimación por los inventarios que se consideren obsoletos o dañados.;Acreedor
1110;INVERSIONES TEMPORALES;Esta cuenta representa las inversiones altamente liquidas, principalmente en acciones, certificados de inversión, bonos, que la sociedad adquiera y que se puedan realizar fácilmente y se poseerán en un periodo no mayor de un año y mayor a tres meses.;Con el costo de adquisición de las inversiones temporales de fácil realización.;Con la venta de los títulos valores propiedad de la empresa.;Deudor
1111;PAGOS ANTICIPADOS;Representa las erogaciones por costos y gastos pagados por anticipado, efectuadas por la compañía en concepto de gastos de constitución y organización, seguros pagados por anticipado, alquileres y papelería y útiles.;Con el costo de adquisición de bienes y servicios pagados por anticipado.;Con las amortizaciones correspondientes a cada mes, determinadas al estimar la cobertura del gasto pagado por anticipado.;Deudor
1112;CRÉDITO FISCAL - IVA;Refleja el valor del impuesto a la transferencia de Bienes Muebles y a la Prestación de Servicios, acreditado a la entidad por las compras efectuadas, retenciones y pago a cuenta de IVA.;Con las cantidades del impuesto acreditadas en los comprobantes de Crédito fiscal por los proveedores, en las compras efectuadas, retenciones y pagos a cuenta.;Al final de cada mes, al efectuar la liquidación con el Débito fiscal, y elaborar la declaración de IVA para determinar el monto del impuesto a pagar.;Deudor
1113;PAGO A CUENTA DE IMPUESTOS;Esta cuenta registra el monto de los impuestos tributarios, fiscales o municipales, que se paguen en forma anticipada según la normativa vigente, los cuales se compensaran al liquidar los impuestos del periodo.;Con el valor de los pagos en concepto de anticipo de impuesto municipal o fiscal.;Con la liquidación del impuesto cuando se determina el impuesto definitivo a cancelar.;Deudor
12;ACTIVO NO CORRIENTE;En este grupo de cuentas se concentran las que tienen alguna restricción para su realización o que el período para su realización, es mayor a un año, incluyen además todos aquellos activos que en forma directa generan producción a la compañía o son utilizados en la operación y no tienen las características para clasificarlos como Activo Corriente. Se incluyen en este rubro las cuentas: cuentas y documentos por cobrar a largo plazo, cuentas por cobrar entre compañías relacionadas, inversiones permanentes, propiedad, planta y equipo, depreciación acumulada, revaluación de activos, activos intangibles, etc.;;;Deudor
1201;CUENTAS POR COBRAR A LARGO PLAZO;Representan los importes que entes locales o del exterior adeudan a la sociedad, formalizados mediante un documento de carácter legal, cuyo período de vencimiento es mayor a un año, contado a partir de la fecha del cierre del balance de situación financiera.;Con el valor de las ventas al Crédito, préstamos, derechos a cobrar por operaciones del giro normal de la empresa.;Con los pagos efectuados por los clientes y los pagos efectuados pop los deudores registrados en esta cuenta.;Deudor
1202;PARTES RELACIONADAS POR COBRAR A LARGO PLAZO;Esta cuenta representa los cargos que la empresa otorgue a la casa matriz, sucursales o asociadas, directa o indirectamente, a través de intermediarios, que controlan, son controladas o estén bajo control común de la empresa, por operaciones derivadas de negociaciones de tipo comercial y/o administrativo tanto del giro normal como ajenas a este.;Con el valor que la empresa otorgue a la casa matriz, sucursales directa o indirectamente y/ a través de intermediarios a cuenta de operaciones derivadas de operaciones del giro normal o ajenos a este, y que este pactado para el pago a largo plazo.;Con los abonos parciales o totales que la compañía controladora, subsidiaria, sucursal o asociada de negociaciones de tipo comercial y/o administrativo que se adeude a la sociedad.;Deudor
1203;ARRENDAMIENTO FINANCIERO POR COBRAR A LARGO PLAZO;Representa los arrendamientos financieros a cobrar a un plazo mayor a los doce meses, que la empresa efectúa mediante contrato, en el cual transfiere al cliente sustancialmente todos los riesgos y ventajas inherentes a la propiedad del bien dado en arrendamiento. La propiedad del mismo puede o no puede ser eventualmente transferida al final del pago de la última cuota establecida. Al final del plazo estipulado el arrendamiento o cliente tendrá la opción de comprar el bien a un precio predefinido, devolverlo o prorrogar el plazo del contrato por períodos ulteriores.;Con el valor del contrato pendiente de cobro por arrendamiento financiero.;Con los abonos y la cancelación del saldo del arrendamiento financiero.;Deudor
1204;ESTIMACION DE CUENTAS INCOBRABLES POR ARRENDAMIENTO FINANCIERO POR COBRAR A LARGO PLAZO. (CR).;Establece el valor de la estimación de las cuentas incobrables por arrendamiento financiero de largo plazo, en base al método que proporciona la seguridad razonable que defina los valores probables que no se cobrarán.;Con el uso que se haga de la estimación de cuentas incobrables por los valores recuperados.;Con la estimación de las cuentas incobrables de arrendamiento financiero por cobrar en el largo plazo.;Acreedor
1205;INVERSIONES PERMANENTES;Representa el costo de los activos que la sociedad adquiere, con intención de incrementar su riqueza por medio de réditos producidos tales como intereses, regalías, dividendos y otros beneficios, que se derivan de las relaciones comerciales.;Con el valor de las inversiones en acciones, bonos y similares con la intención de generar rentabilidad y cuyo plazo es mayor a un año.;Con la venta, permuta, dación en pago y otras similares.;Deudor
1206;PROPIEDAD, PLANTA Y EQUIPO;Esta es una cuenta de agrupación, que incluye, activos tangibles, que pese la empresa para la producción y se espera usar más de un periodo contable, se subdividen en bienes no depreciables y bienes depreciables.;Con la compra al costo de los activos tangibles, con rentabilidad futura y que su duración es mayor a un periodo contable.;Con la venta, descargo por deterioro u obsolescencia.;Deudor
1207;DEPRECIACIÓN ACUMULADA (CR);Presenta la parte proporcional acumulada de la pérdida de valor por acción del tiempo o uso de los bienes depreciables de propiedad, planta y equipo, destinados a realizar la actividad habitual del negocio tales como: edificaciones, mobiliario y equipo, equipo de transporte y otros.;Cuando el activo es dado de baja producto de venta, deterioro, obsolescencia o pérdida.;Con la cuota que se registra en base al método descrito en la política cantable relativa a propiedad, planta y equipo.;Acreedor
1208;PRPOPIEDAD DE INVERSION;Comprende todos los bienes muebles e inmuebles que posee la empresa de los cuales obtiene ingresos o rendimientos por alquiler financiero o arrendamiento operativo.;Con el reconocimiento del bien mueble o inmueble como propiedad de inversión.;Con la baja en cuenta por venta, deterioro total o vencimiento de la vid útil.;Deudor
1209;DEPRECIACIÓN ACUMULADA DE PROPIEDAD DE INVERSION (CR).;Presenta la parte proporcional acumulada de la pérdida de valor por acción del tiempo o uso de los bienes depreciables de propiedad de inversión que generan ganancia tales como: salas de venta, equipo, mobiliario, equipo de transporte y otros.;Cuando el activo es dado de baja producto de venta, deterioro obsolescencia o pérdida.;Con la cuota que se registra en base al método descrito en la política contable relativa a propiedad de inversión.;Acreedor
1210;REVALUACION DE ACTIVOS;Se registran en esta cuenta los montos que incrementan el valor de los bienes muebles e inmuebles, por revalúo efectuado, para registrarlos al valor razonable, según apreciación de perito experto.;Con el valor incrementado por revaluación, hasta presentarlo al valor del mercado.;Con el retiro de activos revaluados ya sea por venta, deterioro o pérdida.;Deudor
1211;DEPRECIACIÓN ACUMULADA DE ACTIVOS REVALUADOS.;Representa la depreciación acumulada por los activos revaluados, ocasionada por la pérdida de valor, por acción del tiempo.;Cuando el activo es dado de baja producto de venta, deterioro obsolescencia o pérdida.;Con la cuota que se registra en base al método establecido.;Acreedor
1212;CONSTRUCCIONES EN PROCESO;Representa el valor acumulado que en concepto de obras en proceso realiza la sociedad y que se encuentran pendientes de concluir al momento de establecer su saldo.;Con los valores de materiales, mano de obra y costos indirectos de obras en construcción que la sociedad efectúa.;Con el traslado definitivo del monto acumulado que constituye el costo de la construcción efectuada.;Deudor
1213;ACTIVOS BAJO ARRENDAMIENTO FINANCIERO;Representa los activos fijos bajo contratos de arrendamiento financieros.;Con el monto de los activos que se encuentran en contratos de arrendamiento financiero.;Por el monto total cuando el cliente o arrendatario al final del contrato obtiene el derecho de propiedad por la cuota estipulada en el contrato.;Deudor
1214;DEPRECIACIÓN ACUMULADA DE ACTIVOS BAJO ARRRENDAMIENTO FINANCIERO (CR).;Registra el valor de la depreciación estimada de los bienes vendidos según contrato de arrendamiento financiero.;Al dar de baja el activo por venta definida y traslado la posesión del bien o por descargo por deterioro, robo u obsolescencia.;Con la cuota establecida para la depreciación acumulada.;Acreedor
1215;ACTIVOS INTANGIBLES;Representa los activos intangibles sin apariencia física que la sociedad adquiera para el giro normal de su negocio, entre los cuales se encuentran: derechos de llave, licencias, software, concesiones y marcas.;Con el costo de adquisición de los activos intangibles.;Por el descargo por vencimiento del plazo, venta, permuta, dación en pago, pérdida de vigencia.;Deudor
1216;AMORTIZACION DE INTANGIBLES (CR).;Registra la disminución del valor de los activos intangibles, distribuidos en forma sistemática, en base a su duración, con cargo a gastos o costo de las operaciones del ejercicio.;Cuando se liquida el activo intangible dado de baja.;Con la cuota mensual registrada, en base a la distribución determinada según su duración o tiempo proyectado de uso.;Acreedor
1217;DEPOSITOS EN GARANTIA;Representa todos los valores que la empresa entrega, en concepto de garantía, para respaldar cualquier operación que se realice.;Por el valor el impuesto diferido a favor de la empres.;Con los impuestos que se recuperen en periodos posteriores por diferencias entre los resultados temporarias.;Deudor
1218;ACTIVO POR IMPUESTOS DIFERIDOS;Representa el monto del impuesto sobre la renta diferido a favor de la empresa que resulta de diferencias temporarias.;Por el valor el impuesto diferido a favor de la empresa.;Con los impuestos que se recuperen en periodos posteriores por diferencias entre los resultados temporarias.;Deudor
2;PASIVO;Agrupa todas las obligaciones presentes de la entidad, surgidas a raíz de sucesos pasados, al vencimiento del cual espera desprenderse de recursos que incorporan beneficios económicos. Los pasivos se clasifican en pasivo corriente y pasivo no corriente.;;;Acreedor
21;PASIVO CORRIENTE;Se clasifican como pasivo corriente las obligaciones a corto plazo de la sociedad que cumplen con las siguientes características. a) Se esperan liquidar en el curo normal de las operaciones de la sociedad. b) Se pagará en un período no mayor a un año, a partir de la fecha del cierre del balance. c) Comprende las cuentas pendientes de pago en el corto plazo.;;;Acreedor
2101;PROVEEDORES LOCALES;Comprenden las deudas a proveedores nacionales pagaderos en un período no mayor de un año, cuyo origen es la compra de mercadería para la venta.;Con los pagos parciales o totales de la deuda contraída.;Con la compra al Crédito a proveedores locales, por mercadería para la venta que será cancelada en un período no mayor de doce meses.;Acreedor
2102;PROVEEDORES DEL EXTERIOR;Comprende la compra de bienes y/o servicios que provienen del exterior y que la operación se realiza directamente con el proveedor, la cual se espera cancelar en un plazo no mayor de un año.;Con los abonos o cancelaciones de la deuda por parte de la sociedad.;Con la compra de mercadería para la venta, pendiente de pago al proveedor extranjero, la que se pretende pagar en un período no mayor de un año, contado a partir de la fecha de cierre del balance general.;Acreedor
2103;CUENTAS POR PAGAR A CORTO PLAZO;Representa los valores pendientes de pago por la compra al Crédito de bienes y servicios, diferente a mercadería para la venta, cuyo plazo de pago es en un periodo no mayor de doce meses.;Con los pagos parciales o totales de la deuda que la sociedad contrae.;Con la adquisición del bien o servicio, diferente a mercadería para la venta, que se pagará en el corto plazo.;Acreedor
2104;OBLIGACIONES BAJO ARRENDAMIENTO FINANCIERO A CORTO PLAZO;Representa las cuentas por pagar en el corto plazo, a un plazo menor a los doce meses, por los activos obtenidos en concepto de arrendamiento financiero.;Con las cuotas que abonan a la deuda o cancelación de bienes adquiridos en concepto de arrendamiento financiero.;Con el valor de los activos activos adquiridos en concepto de arrendamiento financiero.;Acreedor
2105;RETENCIONES LABORALES;Agrupa todas las retenciones que se efectúan a los empleados en cumplimiento de normativas legales; comprende las retenciones como ISSS, AFP, impuesto sobre la renta a empleados, cuotas de préstamos a instituciones financieras y otras retenciones por cuentas pendientes de los empleados.;Con los pagos efectuados a las instituciones a quien le corresponde la retención.;Con las retenciones efectuadas que se encuentran pendientes de pago a la fecha del registro.;Acreedor
2106;BENEFICIOS A EMPLEADOS POR PAGAR ACORO PLAZO;Refleja las estimaciones acumuladas de las prestaciones legales o beneficios al personal que les corresponden a los empleados tales como aguinaldo y vacaciones.;Con los pagos efectuados a los empleados por prestaciones laborales.;Con la estimación efectuada en concepto de prestaciones laborales por pagar.;Acreedor
2107;SOBREGIROS Y PRÉSTAMOS BANCARIOS A CORTO PLAZO;Registra el monto de los préstamos pendientes de pago cuyo vencimiento es menor a un año contado a partir de la fecha del balance general.;Con los pagos efectuados a cuenta de los préstamos obtenidos por la sociedad.;Con los préstamos obtenidos.;Acreedor
2108;DIVIDENDOS POR PAGAR;Incluye los dividendos pendientes de pagar a los accionistas, establecidos en acuerdo de junta general de accionistas.;Con el pago en efectivo de los dividendos acordados en junta general o por la capitalización de los dividendos.;Con el importe declarado por junta general de accionistas, que será pagado a los accionistas.;Acreedor
2109;PARTES RELACIONADAS POR PAGAR A CORTO PLAZO;Obligaciones a corto plazo que la sociedad contrae con la casa matriz, sucursales, asociadas, relacionadas directa o indirectamente, en operaciones derivadas tanto de tipo comercial y/o administrativas, cuyo pago se espera se realice en un periodo máximo de un año, contado a partir de la fecha del balance general.;Con los pagos efectuados a cuenta de la deuda de la sociedad por compromisos adquiridos pendientes de pago.;Con los valores que la sociedad recibe para ser cancelados en el corto plazo, valores recibidos directamente o por intermediarios.;Acreedor
2110;DÉBITO FISCAL - IVA;Registra los débitos fiscales por las ventas efectuadas a los clientes. Al cierre del mes, en su saldo refleja el monto a cancelar al fisco por el IVA recaudado, después de restar el IVA por las compras realizadas, registrado en la cuenta Crédito fiscal, saldo que es trasladado al final de año a la cuenta de impuestos por pagar.;Al final del período mensual con los valores de los créditos fiscales por las compras, acumuladas en el activo.;En el transcurso del mes, con el IVA por las ventas efectuadas en base a la legislación tributaria vigente.;Acreedor
2111;IMPUESTOS POR PAGAR;Representa el impuesto sobre la renta, pago a cuenta y el IVA del período pendiente de pago, el cual se calcula sobre los ingresos mensuales y de los resultados del ejercicio. Incluye el impuesto municipal del período pendiente de pago.;Cuando se paga el impuesto sobre la renta e impuesto municipal.;Con el valor determinado de impuesto sobre la renta al final de período, pago a cuenta del mes y los impuestos municipales del período.;Acreedor
2112;INGRESOS ANTICIPADOS;Comprende los ingresos recibidos en concepto anticipo de ventas o servicios que los clientes entregan al momento de requerir los servicios de salud correspondientes.;Cuando se factura el servicio o bien.;Con el valor recibido por el cliente en anticipo del servicio o artículo a proporcionar.;Acreedor
22;PASIVO NO CORRIENTES;El pasivo no corriente es la agrupación de saldos pendientes de pago, cuyo vencimiento es mayor a un año, contado a partir de la fecha del balance.;;;Acreedor
2201;PRÉSTAMOS A LARGO PLAZO;Representa obligaciones a largo plazo, a cargo de la sociedad originados por préstamos prendarios, hipotecarios o personales.;Con los pagos efectuados para abonar a cuenta o cancelación de deuda.;Por préstamos recibidos, los cuales se pagaran en el largo plazo.;Acreedor
2202;ACREEEDORES COMERCIALES Y OTRAS CUENTAS POR PAGAR A LARGO PLAZO;Representa y se registran las cuentas y documentos por pagar por la sociedad, con vencimiento de pago mayor a un año.;Con los pagos efectuados por la sociedad para abono o cancelación de la deuda y por la reclasificación a pasivo corriente, de la parte que corresponde pagar en un período menor a un año.;Por los valores recibidos, de los que la sociedad tienen responsabilidad de pago en un período mayor a un año.;Acreedor
2203;OBLIGACIONES BAJO ARRENDAMIENTO FINANCIERO A LARGO PLAZO;Representa las cuentas por pagar a largo plazo, a un plazo mayor a los doce meses, por los activos obtenidos en concepto de arrendamiento financiero.;Con las cuotas que abonan a la deuda o cancelación de bienes adquiridos en concepto de arrendamiento financiero.;Con el valor de los activos adquiridos pagaderos en el largo plazo, en concepto de arrendamiento financiero.;Acreedor
2204;PARTES RELACIONADAS POR PAGAR A LARGO PLAZO;Son los valores obtenidos de la casa matriz, sucursales, subsidiarias o asociadas derivadas de negociaciones de tipo comercial y/o administrativo, tanto del giro normal como ajenas a este.;Con los pagos efectuados.;Con los valores por préstamos por la sociedad pendiente de pago, los cuales se esperan cancelar en un período mayor de un año.;Acreedor
2205;BENEFICIO A EMPLEADOS POR PAGAR A LARGO PLAZO;Representa la estimación definida para efecto de responder con la obligación laboral, principalmente la indemnización que le corresponde al empleado según la normativa vigente.;Con el uso de esta provisión al liquidar al recurso humano, cumpliendo la ley laboral.;Con la estimación realizada para construir la provisión para indemnizar al empleado despedido, en base a la normativa vigente.;Acreedor
2206;ANTICIPOS Y GARANTIAS RECIBIDAS;Comprende los valores recibidos en concepto de garantía o anticipo en las negociaciones efectuadas por la sociedad, las que se liquidarán al momento de su vencimiento y/o devolución.;Al devolverse o liquidarse las garantías o concretarse la operación que se garantizaba.;Con las cantidades que la sociedad reciba en concepto de anticipo y/o garantías recibidas.;Acreedor
2207;PASIVO POR IMPUESTOS DIFERIDO;Son las obligaciones tributarias futuras, producto de impuesto sobre ganancias o rentas, originados directamente por diferencias temporales.;Con los valores que la sociedad cancela en concepto de impuestos diferidos, reconocidos en ejercicios anteriores y que en el ejercicio presente se perciba la ganancia.;Con los valores de impuesto sobre la renta que la sociedad reconoce que pagará en el futuro.;Acreedor
3;PATRIMONIO;El patrimonio es el residuo de los activos reconocidos menos los pasivos reconocidos. Es la parte residual de los activos de la entidad, una vez deducidos todos los pasivos, representa la inversión de los accionistas de la sociedad, las reservas, el superávit por evaluación, los resultados acumulados de ejercicios anteriores y los resultados del presente ejercicio.;;;Acreedor
31;PATRIMONIO NETO;Bajo este grupo se abarcan cuentas que forman parte del Patrimonio de la Empresa y que deducidas todas aquellas partidas pertenecientes a otros propietarios o accionistas determina la inversión exacta de los socios.;;;Acreedor
3101;CAPITAL SOCIAL;Comprende la inversión de los accionistas, suscrita y pagada.;Con la disminución del capital social previamente cumpliendo los requerimientos legales establecidos.;Con la inversión inicial o posterior que los accionistas realizan.;Acreedor
3102;RESERVA LEGAL;Comprende la reserva que debe establecerse según el marco legal vigente a la fecha de la emisión del balance general.;Por el uso de la reserva, permitido por el marco normativo mercantil.;Con la provisión del porcentaje legal según normativa vigente a la fecha de cálculo o por aumento en la reserva legal para completar el monto legal de la reserva según marco normativo vigente.;Acreedor
3103;RESERVA GENERAL;Comprende la reserva establecida por la junta general de accionistas, adicionales a la reserva legal impuesta, la que permite a la sociedad hacerle frente a los imprevistos.;Por el uso de la reserva por acuerdo de junta general de accionistas.;Con el valor de la reserva establecida.;Acreedor
3104;SUPERÁVIT POR EVALUACIÓN;Representa el valor que se ha incrementado a los activos, para reflejar el valor razonable de los mismos.;Con el descargo del activo, capitalización, venta, permuta y en general, cuando se descarga el activo de los registros contables de la sociedad.;Con los valores resultantes del incremento a efectuar a los activos como producto del revalúo según análisis técnico.;Acreedor
3105;RESULTADOS DE EJERCIOS ANTERIORES;Esta cuenta comprende las utilidades y pérdidas de los ejercicios anteriores, que se encuentra pendiente de distribuir a los accionistas o de capitalización.;Con el uso de las utilidades obtenidas, para incrementar la inversión o repatriación de las utilidades, además del traslado de las pérdidas del ejercicio.;Con el valor de las utilidades netas que resultan de ejercicios anteriores al presente.;Acreedor
3106;RESULTADOS DEL EJERCICIO;Constituye el valor de la utilidad o pérdida neta después del impuesto sobre la renta, obtenida en el periodo actual al cierre del mismo.;Con el traslado a la cuenta de utilidades acumuladas y con las pérdidas obtenidas en el ejercicio que se presenta y que se está cerrando.;Con el valor de la utilidad del ejercicio según estado de resultados.;Acreedor
4;CUENTAS DE RESULTADO DEUDORAS;Representan los decrementos en los beneficios económicos, producidos a lo largo del período sobre el que se informa, en forma de salidas o disminuciones del valor de los activos, o bien por la generación o aumento de los pasivos, que dan como resultado decrementos en el patrimonio, distintos de los relacionados con las distribuciones realizadas a los inversores de patrimonio.;;;Deudor
41;COSTOS Y GASTOS DE OPERACIÓN;En este rubro de agrupación se presentan los valores erogados por las ventas para establecer la utilidad bruta.;;;Deudor
4101;COSTOS DE VENTAS;Refleja el costo de los artículos vendidos, los cuales serán afrontados con las ventas para establecer la utilidad bruta.;Con el costo de los inventarios de bienes para la venta.;Al cierre del ejercicio para establecer el costo de ventas.;Deudor
4102;COMPRAS;Representa el costo de la adquisición de productos para la venta, se contabiliza también aquí los gastos incurridos directamente en la compra.;Con el valor de los bienes que van directamente al inventario y con los gastos relacionados con la compra.;Al finalizar el ejercicio para establecer el costo de la mercadería vendida.;Deudor
4103;REBAJAS Y DEVOLUCIONES SOBRE COMPRAS (CR);En esta cuenta se tienen todas aquellas circunstancias que por el ajetreo comercial actual desencadenan ajustes por descuentos en las compras o por devoluciones de la mercadería ya sea por defecto o por otra situación.;Con la cuenta de compras para establecer el saldo de compras netas liquidándola para establecer resultados.;Con todos aquellos descuentos, rebajas y las devoluciones efectuadas a los proveedores.;Acreedor
4104;GASTOS DE ADMINISTRACION;Se incluyen las erogaciones de la sociedad encaminadas a dirigir y administrar, para la obtención de los resultados que llenen las expectativas de los accionistas, que les permitan la retribución, por su inversión realizada.;Con los gastos para dirigir y administrar la sociedad en las subcuentas detalladas para su registro y control.;Al cierre del ejercicio para establecer los resultados del ejercicio.;Deudor
4105;GASTOS DE VENTAS;Acumula los valores que la sociedad gasta para generar las ventas, permite la generación directamente de las ventas de bienes.;Con los gastos efectuados por la sociedad para impulsar la atención a los clientes y que dichos clientes compren, aplicando las subcuentas detalladas para su registro y control;Al cierre del ejercicio para establecer los resultados del ejercicio.;Deudor
4106;GASTOS FINANCIEROS;Comprende las erogaciones efectuadas por la sociedad para pagar el costo del uso del dinero en el tiempo.;Con los gastos efectuados por la sociedad por el costo del dinero en el tiempo que utilice en el giro normal de sus operaciones, aplicando las sub-cuentas detalladas para su registro y control.;Al cierre del ejercicio para establecer los resultados del ejercicio.;Deudor
4107;OTROS GASTOS;Refleja los gastos que no corresponden a las cuentas de gastos de administración, gastos de venta y gastos financieros, pero que son necesarios para que opere la sociedad.;Con los gastos efectuados por la sociedad que no corresponda a gastos detallados anteriormente aplicando las sub-cuentas detalladas para su registro y control.;Al cierre del ejercicio para establecer los resultados del ejercicio.;Deudor
5;CUENTAS DE RESULTADO ACREEDORAS;Representa los incrementos en los beneficios económicos, producidos a lo largo del período sobre el que se informa, en forma de entradas o incrementos de valor de los activos, o bien como decrementos de las obligaciones, que dan como resultado aumentos del patrimonio, distintas de las relacionadas con las aportaciones de inversores de patrimonio.;;;Acreedor
51;INGRESOS DE OPERACIÓN;Este rubro agrupa las cuentas de resultado con saldo acreedor y que son originadas por los ingresos de la sociedad, su saldo es acreedor y es liquidado al final del período para establecer los resultados netos del período.;;;Acreedor
5101;VENTA DE MERCADERIA;En esta cuenta registran los ingresos a la empresa derivados de la venta de los bienes destinados a tal fin.;Al cierre del ejercicio para establecer los resultados netos del período.;Con los ingresos por la venta de bienes, realizados en el transcurso del período.;Acreedor
5102;INGRESOS POR SERVICIOS;Representa los registros y saldos de la venta de los servicios efectuados.;Al cierre del ejercicio para establecer los resultados netos del período.;Con la venta de los servicios.;Acreedor
5103;REBAJAS Y DEVOLUCIONES SOBRE VENTAS (CR);Existen a veces desacuerdos entre el cliente y la empresa que desembocan en descuentos a los productos que se les ha venido o la anulación de la venta misma.;Por los montos de la mercadería devuelta por los clientes.;Por el saldo para liquidarla y establecer los resultados.;Deudor
52;INGRESOS DE NO OPERACIÓN;Corresponde a los ingresos obtenidos por la empresa y que no están relacionados con la actividad económica de la empresa.;;;Acreedor
5201;OTROS INGRESOS;En esta cuenta se registran los otros ingresos a la empresa que no se encuentran detallados en las cuentas de venta de bienes tales como: intereses varios.;Al cierre del ejercicio para establecer los resultados netos del período.;Con la venta de los otros ingresos no registrados en la cuenta venta de mercadería.;Acreedor
6;CUENTAS LIQUIDADORAS;En este grupo de cuentas se incluyen las cuentas que se utilizan para liquidar las cuentas de resultado deudor y acreedor, acumuladas en el transcurso del período, que inciden en la generación habitual de resultados y establecen resultado neto del período.;;;Sin saldo
6101;PÉRDIDAS Y GANANCIAS;A esta cuenta se cargan todas las cuentas de resultado acreedor y se abonan todas las cuentas de resultado deudor, para establecer la ganancia o pérdida del período que se está cerrando; el resultado neto se traslada a la cuenta de resultados del ejercicio para su presentación.;Al cierre del ejercicio con los saldos de las cuentas de resultado acreedor para establecer los resultados netos del período.;Al cierre del ejercicio con los saldos de las cuentas de resultado deudor y para establecer el resultado neto del período.;No refleja saldo
7;CUENTAS DE ORDEN;Se registran los valores bajo la responsabilidad de la sociedad pero que no tienen un ingreso en propiedad de la sociedad, son de carácter informativo y que requieren control por parte de la sociedad.;;;Deudor
7101;CUENTAS DE ORDEN;Se carga esta cuenta por los valores recibidos en consignación que no son propiedad de la sociedad, es la parte deudora de los recursos en poder de la sociedad de los cuales no es propietaria tales como garantías bancarias, disponibilidad de líneas de Crédito y mercadería en consignación.;Con el valor de los bienes o servicios bajo control administrativo de la sociedad.;Al cierre del ejercicio para establecer los resultados del ejercicio.;Deudor